alexander_name=Alexander
alexander_plus_name=Alexander
alexander_plush_name=Alexander
angel_name=Angel
angel_dark_name=Dark Angel
angel_plus_name=Angel
angel_plus_dark_name=Dark Angel
angel_plush_name=Angel
angel_plush_dark_name=Dark Angel
archonnihr_name=Archon Nihr
archonnihr_o_name=Archon Nihr
archonnihr_plus_name=Archon Nihr
archonnihr_plus_o_name=Archon Nihr
archonnihr_plush_name=Archon Nihr
archonnihr_plush_o_name=Archon Nihr
ariel_name=Ariel
ariel_b_name=Ariel
ariel_plus_name=Ariel
ariel_plus_b_name=Ariel
ariel_plush_name=Ariel
ariel_plush_b_name=Ariel
astarios_name=Astarios
astarios_b_name=Astarios
astarios_plus_name=Astarios
astarios_plus_b_name=Astarios
astorhus_name=Astorhus
astorhus_b_name=Astorhus
astorhus_plus_name=Astorhus
astorhus_plus_b_name=Astorhus
bacon_name=Bacon
bacon_plus_name=Bacon
bacon_plush_name=Bacon
bandita_name=Bandit
bandita_plus_name=Bandit
banditb_name=Bandit
banditb_plus_name=Bandit
battor_name=Battor
battor_b_name=Battor
battor_plus_name=Battor
battor_plus_b_name=Battor
belphyor_name=Belphyor
belphyor_o_name=Belphyor
belphyor_o_plus_name=Belphyor
belphyor_plus_name=Belphyor
belphyor_plush_name=Belphyor
betty_name=베티
betty_plus_name=베티
blacksheep_name=검은 양
blacksheep_plus_name=검은 양
blazingcornie_name=Roasted Cornie
blazingcornie_plus_name=Roasted Cornie
bob_name=밥
bob_plus_name=밥
bob_plush_name=밥
bolphyer_name=Bolphyer
bolphyer_plus_name=Bolphyer
bolphyer_plush_name=Bolphyer
bombardier_name=Bombardier
bombardier_b_name=Bombardier
bombardier_plus_name=Bombardier
bombardier_plus_b_name=Bombardier
brigand_name=Brigand
brigand_plus_name=Brigand
bruiser_name=브뤼저
bruiser_b_name=브뤼저
bruiser_plus_name=브뤼저
bruiser_plus_b_name=브뤼저
brute_name=Brute
brute_b_name=Brute
brute_plus_name=Brute
brute_plus_b_name=Brute
brutus_name=Brutus
brutus_b_name=Brutus
brutus_plus_name=Brutus
brutus_plus_b_name=Brutus
celsius_name=Celsius
celsius_b_name=Celsius
celsius_plus_name=Celsius
celsius_plus_b_name=Celsius
chieftain_name=Chieftain
chieftain_b_name=Chieftain
chieftain_plus_name=Chieftain
chieftain_plus_b_name=Chieftain
colin_name=콜린
colin_b_name=콜린
colin_plus_name=콜린
colin_plus_b_name=콜린
cornie_name=Cornie
cornie_plus_name=Cornie
cornierandom_name=Cornie
cornierandom_plus_name=Cornie
curtis_name=커티스
curtis_plus_name=커티스
curtis_plush_name=커티스
cutthroat_name=Cutthroat
cutthroat_plus_name=Cutthroat
cutthroatb_name=Cutthroat
dawn_name=Dawn
dawn_plus_name=Dawn
dawn_plush_name=Dawn
dawn_o_name=Dawn
dawn_plus_o_name=Dawn
deifrang_name=Deifrang
deifrang_b_name=Deifrang
deifrang_plus_name=Deifrang
deifrang_plus_b_name=Deifrang
dolly_name=Dolly
dolly_plus_name=Dolly
dolly_plush_name=Dolly
dragonfly_name=모기
dragonfly_b_name=모기
dragonfly_plus_name=모기
dragonfly_plus_b_name=모기
dryad_name=드라이어드
dryad_plus_name=드라이어드
dryadsummon_name=드라이어드
dryadsummon_plus_name=드라이어드
dusk_name=Dusk
dusk_plus_name=Dusk
dusk_plush_name=Dusk
dusk_o_name=Dusk
dusk_plus_o_name=Dusk
dyona_name=Dyona
dyona_plus_name=Dyona
dyona_plush_name=Dyona
elderdryad_name=장로 드라이어드
elderdryad_o_name=장로 드라이어드
elderdryad_o_plus_name=장로 드라이어드
elderdryad_plus_name=장로 드라이어드
elderdryad_plush_name=장로 드라이어드
erekhal_name=에레칼
erekhal_b_name=에레칼
erekhal_plus_name=에레칼
erekhal_plus_b_name=에레칼
esther_name=에스더
esther_plus_name=에스더
esther_plush_name=에스더
estrix_name=에스트릭스
estrix_b_name=에스트릭스
estrix_plus_name=에스트릭스
estrix_plus_b_name=에스트릭스
evoker_name=에보커
evoker_a_name=에보커
evoker_b_name=에보커
evoker_plus_name=에보커
evoker_plus_a_name=에보커
evoker_plus_b_name=에보커
farmer_name=농부
farmer_plus_name=농부
fiend_name=악마
fiend_b_name=악마
fiend_plus_name=악마
fiend_plus_b_name=악마
firebrander_name=Fire Brander
firebrander_a_name=Fire Brander
firebrander_b_name=Fire Brander
firebrander_plus_name=Fire Brander
firebrander_plus_a_name=Fire Brander
firebrander_plus_b_name=Fire Brander
fireimp_name=화염 임프
fireimp_plus_name=화염 임프
fireimpeasy_name=화염 임프
fireimpeasy_plus_name=화염 임프
goldensheep_name=황금 양
goldensheep_plus_name=황금 양
golem_name=골렘
golem_b_name=골렘
golem_plus_name=골렘
golem_plus_b_name=골렘
gonzo_name=Gonzo
gonzo_b_name=Gonzo
gonzo_plus_name=Gonzo
gonzo_plus_b_name=Gonzo
graham_name=그레이엄
graham_b_name=그레이엄
graham_plus_name=그레이엄
graham_plus_b_name=그레이엄
graham_plush_name=그레이엄
graham_plush_b_name=그레이엄
gunner_name=포수
gunner_dark_name=암흑 포수
gunner_plus_name=포수
gunner_plus_dark_name=암흑 포수
gunner_plush_name=포수
gunner_plush_dark_name=암흑 포수
guts_name=Guts
guts_plus_name=Guts
guts_plush_name=Guts
hatchling_name=해츨링
hatchling_b_name=해츨링
hatchling_plus_name=해츨링
hatchling_plus_b_name=해츨링
hatchlingeasy_name=해츨링
hatchlingeasy_plus_name=해츨링
herder_name=목동
herder_b_name=목동
herder_plus_name=목동
herder_plus_b_name=목동
hugo_name=휴고
hugo_b_name=휴고
hugo_plus_name=휴고
hugo_plus_b_name=휴고
hydraarrogance_name=Arrogance
hydraarrogance_b_name=Arrogance
hydraarrogance_plus_name=Arrogance
hydraarrogance_plus_b_name=Arrogance
hydraarrogance_o_name=Arrogance
hydraarrogance_plus_o_name=Arrogance
hydrahatred_name=Hatred
hydrahatred_b_name=Hatred
hydrahatred_plus_name=Hatred
hydrahatred_plus_b_name=Hatred
hydrahatred_o_name=Hatred
hydrahatred_plus_o_name=Hatred
hydramalice_name=Malice
hydramalice_b_name=Malice
hydramalice_plus_name=Malice
hydramalice_plus_b_name=Malice
hydramalice_o_name=Malice
hydramalice_plus_o_name=Malice
hydrascorn_name=Scorn
hydrascorn_b_name=Scorn
hydrascorn_plus_name=Scorn
hydrascorn_plus_b_name=Scorn
hydrascorn_plush_name=Scorn
hydrascorn_plush_b_name=Scorn
hydrascorn_o_name=Scorn
hydrascorn_plus_o_name=Scorn
hypnocrab_name=Hypnocrab
hypnocrab_b_name=Hypnocrab
hypnocrab_plus_name=Hypnocrab
hypnocrab_plus_b_name=Hypnocrab
ignidoh_name=이그니도
ignidoh_b_name=이그니도
ignidoh_o_name=이그니도
ignidoh_o_plus_name=이그니도
ignidoh_plus_name=이그니도
ignidoh_plus_b_name=이그니도
ignidoh_plush_name=이그니도
ignidoh_plush_b_name=이그니도
impaltar_name=Imp Altar
impaltar_plus_name=Imp Altar
initiated_name=Initiated
initiated_plus_name=Initiated
jasper_name=제스퍼
jasper_plus_name=제스퍼
jasper_plush_name=제스퍼
josh_name=조쉬
josh_b_name=조쉬
josh_plus_name=조쉬
josh_plus_b_name=조쉬
julius_name=쥴리어스
julius_plus_name=쥴리어스
julius_plush_name=쥴리어스
khane_name=케인
khane_b_name=케인
khane_plus_name=케인
khane_plus_b_name=케인
knight_name=검사
knight_dark_name=암흑 검사
knight_plus_name=검사
knight_plus_dark_name=암흑 검사
knight_plush_name=검사
knight_plush_dark_name=암흑 검사
kyno_name=키노
kyno_plus_name=키노
kyno_plush_name=키노
lana_name=라나
lana_b_name=라나
lana_plus_name=라나
lana_plus_b_name=라나
lancelot_name=랜슬롯
lancelot_b_name=랜슬롯
lancelot_plus_name=랜슬롯
lancelot_plus_b_name=랜슬롯
lancelot_plush_name=랜슬롯
lancelot_plush_b_name=랜슬롯
lancer_name=창기병
lancer_dark_name=암흑 창기병
lancer_plus_name=창기병
lancer_plus_dark_name=암흑 창기병
lancer_plush_name=창기병
lancer_plush_dark_name=암흑 창기병
lavaelemental_name=Lava Elemental
lavaelemental_b_name=Lava Elemental
lavaelemental_plus_name=Lava Elemental
lavaelemental_plus_b_name=Lava Elemental
livingrock_name=Living Rock
livingrock_plus_name=Living Rock
localwerewolfa_name=Local Werewolf
localwerewolfa_plus_name=Local Werewolf
localwerewolfb_name=Local Werewolf
localwerewolfb_plus_name=Local Werewolf
lordhanshek_name=Lord Hanshek
lordhanshek_plus_name=Lord Hanshek
lordhanshek_plush_name=Lord Hanshek
magmaspike_name=Magma Spike
magmaspike_b_name=Magma Spike
magmaspike_plus_name=Magma Spike
magmaspike_plus_b_name=Magma Spike
marauder_name=Marauder
marauder_b_name=Marauder
marauder_plus_name=Marauder
marauder_plus_b_name=Marauder
martina_name=마르티나
martina_plus_name=마르티나
martina_plush_name=마르티나
matriarch_name=Matriarch
matriarch_b_name=Matriarch
matriarch_o_name=Matriarch
matriarch_o_plus_name=Matriarch
matriarch_plus_name=Matriarch
matriarch_plus_b_name=Matriarch
minotaur_name=미노타우로스
minotaur_b_name=미노타우로스
minotaur_o_name=미노타우로스
minotaur_o_plus_name=미노타우로스
minotaur_plus_name=미노타우로스
minotaur_plus_b_name=미노타우로스
monk_name=사제
monk_dark_name=암흑 사제
monk_plus_name=사제
monk_plus_dark_name=암흑 사제
monk_plush_name=사제
monk_plush_dark_name=암흑 사제
mugur_name=Mugur
mugur_b_name=Mugur
mugur_plus_name=Mugur
mugur_plus_b_name=Mugur
mutant_name=돌연변이
mutant_b_name=돌연변이
mutant_plus_name=돌연변이
mutant_plus_b_name=돌연변이
mystic_name=Mystic
mystic_b_name=Mystic
mystic_plus_name=Mystic
mystic_plus_b_name=Mystic
mysticsauron_name=Sauron
mysticsauron_b_name=Sauron
mysticsauron_plus_name=Sauron
mysticsauron_plus_b_name=Sauron
neophyte_name=Neophyte
neophyte_plus_name=Neophyte
neptu_name=Neptu
neptu_plus_name=Neptu
neptu_plush_name=Neptu
obsidianelemental_name=Obsidian Elemental
obsidianelemental_b_name=Obsidian Elemental
obsidianelemental_plus_name=Obsidian Elemental
obsidianelemental_plus_b_name=Obsidian Elemental
oddball_name=Oddball
oddball_plus_name=Oddball
oddball_plush_name=Oddball
parasite_name=기생충
parasite_a_name=기생충
parasite_b_name=기생충
parasite_plus_name=기생충
parasite_plus_a_name=기생충
parasite_plus_b_name=기생충
pendulum_name=Pendulum
pendulum_b_name=Pendulum
pendulum_plus_name=Pendulum
pendulum_plus_b_name=Pendulum
penduluma_name=Pendulum
penduluma_b_name=Pendulum
penduluma_plus_name=Pendulum
penduluma_plus_b_name=Pendulum
poncho_name=Poncho
poncho_plus_name=Poncho
poncho_plush_name=Poncho
ponko_name=Ponko
ponko_b_name=Ponko
ponko_plus_name=Ponko
ponko_plus_b_name=Ponko
psychic_name=Psychic
psychic_plus_name=Psychic
psychic_plush_name=Psychic
pumba_name=Pumba
pumba_plus_name=Pumba
pumba_plush_name=Pumba
pyromancer_name=Pyromancer
pyromancer_b_name=Pyromancer
pyromancer_plus_name=Pyromancer
pyromancer_plus_b_name=Pyromancer
pyromancersen_name=Pyromancer
pyromancersen_plus_name=Pyromancer
raider_name=Raider
raider_b_name=Raider
raider_plus_name=Raider
raider_plus_b_name=Raider
raidereasy_name=Raider
raidereasy_plus_name=Raider
ravager_name=Ravager
ravager_b_name=Ravager
ravager_plus_name=Ravager
ravager_plus_b_name=Ravager
rhanga_name=Rhanga
rhanga_plus_name=Rhanga
rhogor_name=Rhodogor
rhogor_b_name=Rhodogor
rhogor_plus_name=Rhodogor
rhogor_plus_b_name=Rhodogor
rocco_name=Rocco
rocco_plus_name=Rocco
rocco_plush_name=Rocco
rondo_name=Rondo
rondo_b_name=Rondo
rondo_plus_name=Rondo
rondo_plus_b_name=Rondo
rusty_name=Rusty
rusty_b_name=Rusty
rusty_plus_name=Rusty
rusty_plus_b_name=Rusty
sapling_name=Sapling
sapling_plus_name=Sapling
saul_name=Saul
saul_b_name=Saul
saul_plus_name=Saul
saul_plus_b_name=Saul
sawtooth_name=Sawtooth
sawtooth_b_name=Sawtooth
sawtooth_plus_name=Sawtooth
sawtooth_plus_b_name=Sawtooth
sawtoothirwin_name=Irwin
sawtoothirwin_b_name=Irwin
sawtoothirwin_plus_name=Irwin
sawtoothirwin_plus_b_name=Irwin
shadowclone_name=그림자 분신
shadowclone_plus_name=그림자 분신
shadowclone_plusb_name=그림자 분신
shadowclone_plusbm_name=그림자 분신
shadowclone_plusbmh_name=그림자 분신
shadowclone_plush_name=그림자 분신
shaman_name=이교도
shaman_plus_name=이교도
sharon_name=Sharon
sharon_plus_name=Sharon
sharon_plush_name=Sharon
sharpshooter_name=Sharpshooter
sharpshooter_plus_name=Sharpshooter
sheep_name=양
sheep_plus_name=양
sheeprandom_name=양
sheeprandom_plus_name=양
sheepshearer_name=양지기
sheepshearer_plus_name=양지기
shredder_name=Shredder
shredder_b_name=Shredder
shredder_plus_name=Shredder
shredder_plus_b_name=Shredder
siren_name=Siren
siren_b_name=Siren
siren_plus_name=Siren
siren_plus_b_name=Siren
siren_plush_name=Siren
siren_plush_b_name=Siren
skirmisher_name=Skirmisher
skirmisher_b_name=Skirmisher
skirmisher_plus_name=Skirmisher
skirmisher_plus_b_name=Skirmisher
skyhunter_name=Skyhunter
skyhunter_b_name=Skyhunter
skyhunter_plus_name=Skyhunter
skyhunter_plus_b_name=Skyhunter
skyhuntereasy_name=Skyhunter
skyhuntereasy_plus_name=Skyhunter
slime_name=슬라임
slime_b_name=슬라임
slime_plus_name=슬라임
slime_plus_b_name=슬라임
slimeeasy_name=슬라임
slimeeasy_plus_name=슬라임
slimesen_name=Rumuri
slimesen_plus_name=Rumuri
spellbinder_name=Spellbinder
spellbinder_b_name=Spellbinder
spellbinder_plus_name=Spellbinder
spellbinder_plus_b_name=Spellbinder
spider_name=거미
spider_b_name=거미
spider_plus_name=거미
spider_plus_b_name=거미
stalker_name=스토커
stalker_b_name=스토커
stalker_plus_name=스토커
stalker_plus_b_name=스토커
stephen_name=Stephen
stephen_plus_name=Stephen
stephen_plush_name=Stephen
stoneelemental_name=Stone Elemental
stoneelemental_b_name=Stone Elemental
stoneelemental_plus_name=Stone Elemental
stoneelemental_plus_b_name=Stone Elemental
stormbringer_name=Stormbringer
stormbringer_b_name=Stormbringer
stormbringer_plus_name=Stormbringer
stormbringer_plus_b_name=Stormbringer
stormcaller_name=Stormcaller
stormcaller_b_name=Stormcaller
stormcaller_plus_name=Stormcaller
stormcaller_plus_b_name=Stormcaller
swampelemental_name=Swamp Elemental
swampelemental_b_name=Swamp Elemental
swampelemental_plus_name=Swamp Elemental
swampelemental_plus_b_name=Swamp Elemental
swamphorror_name=Swamp Horror
swamphorror_b_name=Swamp Horror
swamphorror_plus_name=Swamp Horror
swamphorror_plus_b_name=Swamp Horror
tainteddryad_name=Tainted Dryad
tainteddryad_plus_name=Tainted Dryad
taintedsapling_name=Tainted Sapling
taintedsapling_plus_name=Tainted Sapling
taintedtrunky_name=Tainted Trunky
taintedtrunky_plus_name=Tainted Trunky
tayra_name=타이라
tayra_plus_name=타이라
tayra_plush_name=타이라
toasty_name=Toasty
toasty_plus_name=Toasty
toasty_plush_name=Toasty
treevor_name=트리버
treevor_plus_name=트리버
treevor_plush_name=트리버
trunky_name=Trunky
trunky_plus_name=Trunky
tulah_name=툴라
tulah_b_name=툴라
tulah_o_name=툴라
tulah_o_plus_name=툴라
tulah_plus_name=툴라
tulah_plus_b_name=툴라
vanguard_name=Vanguard
vanguard_dark_name=Dark Vanguard
vanguard_plus_name=Vanguard
vanguard_plus_dark_name=Dark Vanguard
vanguard_plush_name=Vanguard
vanguard_plush_dark_name=Dark Vanguard
volatileimp_name=Volatile Imp
volatileimp_a_name=Volatile Imp
volatileimp_n_name=Volatile Imp
volatileimp_plus_name=Volatile Imp
volatileimp_plus_a_name=Volatile Imp
volatileimp_plus_b_name=Volatile Imp
vulcan_name=Vulcan
vulcan_plus_name=Vulcan
vulcan_plush_name=Vulcan
warboara_name=멧돼지
warboara_plus_name=멧돼지
warboarb_name=멧돼지
warboarb_plus_name=멧돼지
warden_name=파수꾼
warden_b_name=파수꾼
warden_plus_name=파수꾼
warden_plus_b_name=파수꾼
werewolfmerchant_name=늑대인간 상인
werewolfmerchant_plus_name=늑대인간 상인
wick_name=Wick
wickb_name=Wick
wildboara_name=야생 멧돼지
wildboara_plus_name=야생 멧돼지
wildboararandom_name=야생 멧돼지
wildboararandom_plus_name=야생 멧돼지
wildboarb_name=야생 멧돼지
wildboarb_plus_name=야생 멧돼지
ylmer_name=일머
ylmer_o_name=일머
ylmer_o_plus_name=일머
ylmer_plus_name=일머
ylmer_plush_name=일머
yogger_name=요거
yogger_o_name=요거
yogger_o_plus_name=요거
yogger_plus_name=요거
yogger_plush_name=요거
archer_name=궁수
archer_b_name=궁수
archer_plus_name=궁수
archer_plus_b_name=궁수
dracomancer_name=Dracomancer
dracomancer_b_name=Dracomancer
dracomancer_plus_name=Dracomancer
dracomancer_plus_b_name=Dracomancer
dracomancer_plush_name=Dracomancer
dracomancer_plush_b_name=Dracomancer
draconoid_name=Draconoid
draconoid_b_name=Draconoid
draconoid_plus_name=Draconoid
draconoid_plus_b_name=Draconoid
druid_name=드루이드
druid_b_name=드루이드
druid_plus_name=드루이드
druid_plus_b_name=드루이드
faeborg_name=Faeborg
faeborg_b_name=페이보그
faeborg_plus_name=페이보그
faeborg_plus_b_name=페이보그
faeborg_plush_name=페이보그
faeborg_plush_b_name=페이보그
faeborg_o_name=페이보그
faeborg_plus_o_name=페이보그
fisher_name=어부
fisher_b_name=어부
fisher_plus_name=어부
fisher_plus_b_name=어부
forecaster_name=Forecaster
forecaster_b_name=Forecaster
forecaster_plus_name=Forecaster
forecaster_plus_b_name=Forecaster
fred_name=프레드
fred_b_name=프레드
fred_plus_name=프레드
fred_plus_b_name=프레드
fred_plush_name=프레드
fred_plush_b_name=프레드
freezer_name=Freezer
freezer_plus_name=Freezer
freezer_plush_name=Freezer
graendor_name=그랜도르
graendor_b_name=그랜도르
graendor_o_name=그랜도르
graendor_o_plus_name=그랜도르
graendor_plus_name=그랜도르
graendor_plus_b_name=그랜도르
hydrahead_name=히드라 머리
hydrahead_b_name=히드라 머리
lumberjack_name=나무꾼
lumberjack_b_name=나무꾼
lumberjack_plus_name=나무꾼
lumberjack_plus_b_name=나무꾼
monty_name=몬티
monty_b_name=몬티
monty_plus_name=몬티
monty_plus_b_name=몬티
phil_name=필
phil_b_name=필
phil_plus_name=필
phil_plus_b_name=필
phil_plush_name=필
phil_plush_b_name=필
rabbit_name=토끼
rabbit_b_name=토끼
rabbit_plus_name=토끼
rabbit_plus_b_name=토끼
royalguard_name=왕실 근위병
royalguard_b_name=왕실 근위병
royalguard_plus_name=왕실 근위병
royalguard_plus_b_name=왕실 근위병
scrapper_name=Scrapper
scrapper_b_name=Scrapper
scrapper_plus_name=Scrapper
scrapper_plus_b_name=Scrapper
sentinel_name=보초
sentinel_b_name=보초
sentinel_plus_name=보초
sentinel_plus_b_name=보초
squirel_name=다람쥐
squirel_b_name=다람쥐
squirel_plus_name=다람쥐
squirel_plus_b_name=다람쥐
squireleasy_name=다람쥐
squireleasy_plus_name=다람쥐
swordman_name=Swordman
swordman_b_name=Swordman
swordman_plus_name=Swordman
swordman_plus_b_name=Swordman
ursur_name=Ursur
ursur_b_name=Ursur
ursur_o_name=Ursur
ursur_o_plus_name=Ursur
ursur_plus_name=Ursur
ursur_plus_b_name=Ursur
ursur_plush_name=Ursur
ursur_plush_b_name=Ursur
dualist_name=Dualist
dualist_plus_name=Dualist
dualist_plush_name=Dualist
magus_name=Magus
magus_plus_name=Magus
magus_plush_name=Magus
magus_dark_name=Dark Magus
magus_plus_dark_name=Dark Magus
magus_plush_dark_name=Dark Magus
//////
advisor_name=Advisor
advisor_b_name=rptd_advisor_name
advisor_plus_name=rptd_advisor_name
advisor_plus_b_name=rptd_advisor_name
cannoneer_name=Cannoneer
cannoneer_b_name=rptd_cannoneer_name
cannoneer_plus_name=rptd_cannoneer_name
cannoneer_plus_b_name=rptd_cannoneer_name
crucible_name=Crucible
crucible_b_name=rptd_crucible_name
crucible_plus_name=rptd_crucible_name
crucible_plus_b_name=rptd_crucible_name
driller_name=Driller
driller_b_name=rptd_driller_name
driller_plus_name=rptd_driller_name
driller_plus_b_name=rptd_driller_name
ratone_name=Ratone
ratone_b_name=rptd_ratone_name
ratone_plus_name=rptd_ratone_name
ratone_plus_b_name=rptd_ratone_name
ratone_o_name=rptd_ratone_name
ratone_o_plus_name=rptd_ratone_name
ruffian_name=Ruffian
ruffian_b_name=rptd_ruffian_name
ruffian_plus_name=rptd_ruffian_name
ruffian_plus_b_name=rptd_ruffian_name
thug_name=Thug
thug_b_name=rptd_thug_name
thug_plus_name=rptd_thug_name
thug_plus_b_name=rptd_thug_name
dt800_name=DT-800
dt800_b_name=rptd_dt800_name
dt800_o_name=rptd_dt800_name
dt800_plus_name=rptd_dt800_name
dt800_plus_b_name=rptd_dt800_name
dt800_plus_o_name=rptd_dt800_name
dwarfface_name=Dwarf Face
dwarfface_b_name=rptd_dwarfface_name
dwarfface_o_name=rptd_dwarfface_name
dwarfface_plus_name=rptd_dwarfface_name
dwarfface_plus_b_name=rptd_dwarfface_name
dwarfface_plus_o_name=rptd_dwarfface_name
flamethrower_name=Flamethrower
flamethrower_b_name=rptd_flamethrower_name
flamethrower_o_name=rptd_flamethrower_name
flamethrower_plus_name=rptd_flamethrower_name
flamethrower_plus_b_name=rptd_flamethrower_name
flamethrower_plus_o_name=rptd_flamethrower_name
launcher_name=Launcher
launcher_b_name=rptd_launcher_name
launcher_o_name=rptd_launcher_name
launcher_plus_name=rptd_launcher_name
launcher_plus_b_name=rptd_launcher_name
launcher_plus_o_name=rptd_launcher_name
andrin_name=Andrin
balina_name=Balina
dryad_h_name=rptd_dryad_name
frostfang_name=Frostfang
frostfang_o_name=rptd_frostfang_name
frostfang_o_plus_name=rptd_frostfang_name
gorio_name=Gorio
gorio_o_name=rptd_gorio_name
gorio_o_plus_name=rptd_gorio_name
houndmaster_name=Houndmaster
houndmaster_o_name=rptd_houndmaster_name
houndmaster_o_plus_name=rptd_houndmaster_name
savage_name=Savage
savage_o_name=rptd_savage_name
savage_o_plus_name=rptd_savage_name
thief_name=Thief
treant_name=Treant
wolf_name=Wolf
wolf_o_name=rptd_wolf_name
wolf_o_plus_name=rptd_wolf_name
/////////////////////////////// New Ulminin DLC //////////////
bladebeetle_name=Blade Beetle
bladebeetle_b_name=Blade Beetle
bladebeetle_plus_name=Blade Beetle
bladebeetle_plus_b_name=Blade Beetle
bonearcher_name=Bone Archer
bonearcher_b_name=Bone Archer
bonearcher_plus_name=Bone Archer
bonearcher_plus_b_name=Bone Archer
bonefighter_name=Bone Fighter
bonefightera_b_name=Bone Fighter
bonefightera_plus_name=Bone Fighter
bonefightera_plus_b_name=Bone Fighter
bonemage_name=Bone Mage
bonemageally_name=Bone Mage
bonemage_b_name=Bone Mage
bonemage_plus_name=Bone Mage
bonemage_plus_b_name=Bone Mage
bonepriest_name=Bone Priest
bonepriestally_name=Bone Priest
bonepriest_b_name=Bone Priest
bonepriest_plus_name=Bone Priest
bonepriest_plus_b_name=Bone Priest
bonewarlock_name=Bone Warlock
bonewarlockally_name=Bone Warlock
bonewarlock_b_name=Bone Warlock
bonewarlock_plus_name=Bone Warlock
bonewarlock_plus_b_name=Bone Warlock
bonewarrior_name=Bone Warrior
bonewarrior_b_name=Bone Warrior
bonewarrior_plus_name=Bone Warrior
bonewarrior_plus_b_name=Bone Warrior
dungbeetle_name=Dung Beetle
dungbeetle_b_name=Dung Beetle
dungbeetle_plus_name=Dung Beetle
dungbeetle_plus_b_name=Dung Beetle
enforcer_name=Enforcer
enforcer_b_name=Enforcer
enforcer_plus_name=Enforcer
enforcer_plus_b_name=Enforcer
explorer_name=Explorer
explorer_b_name=Explorer
explorer_plus_name=Explorer
explorer_plus_b_name=Explorer
fennec_a_name=Fennec
fennec_a_b_name=Fennec
fennec_b_name=Fennec
fennec_b_b_name=Fennec
fennec_c_name=Fennec
fennec_c_b_name=Fennec
fennec_a_plus_name=Fennec
fennec_a_plus_b_name=Fennec
fennec_b_plus_name=Fennec
fennec_b_plus_b_name=Fennec
fennec_c_plus_name=Fennec
fennec_c_plus_b_name=Fennec
halberdier_name=Halberdier
halberdier_b_name=Halberdier
halberdier_plus_name=Halberdier
halberdier_plus_b_name=Halberdier
harbinger_name=Harbinger
harbinger_b_name=Harbinger
harbinger_plus_name=Harbinger
harbinger_plus_b_name=Harbinger
heretic_name=Heretic
heretic_b_name=Heretic
heretic_plus_name=Heretic
heretic_plus_b_name=Heretic
jim_name=Jim
jim_b_name=Jim
jim_plus_name=Jim
jim_plus_b_name=Jim
mortis_name=Mortis
mortis_b_name=Mortis
mortis_o_name=Mortis
mortis_o_plus_name=Mortis
mortis_plus_name=Mortis
mortis_plus_b_name=Mortis
mortis_plush_name=Mortis
mortis_plush_b_name=Mortis
nomad_name=Nomad
nomad_b_name=Nomad
nomad_plus_name=Nomad
nomad_plus_b_name=Nomad
pagan_plus_name=Pagan
pagan_plus_b_name=Pagan
pagan_name=Pagan
pagan_b_name=Pagan
priestess_name=Priestess
priestess_b_name=Priestess
priestess_plus_name=Priestess
priestess_plus_b_name=Priestess
reaper_name=Reaper
reaper_b_name=Reaper
reaper_plus_name=Reaper
reaper_plus_b_name=Reaper
rogue_name=Rogue
rogue_b_name=Rogue
rogue_plus_name=Rogue
rogue_plus_b_name=Rogue
sandworm_name=Sandworm
sandworm_b_name=Sandworm
sandworm_plus_name=Sandworm
sandworm_plus_b_name=Sandworm
scolopendra_name=Scolopendra
scolopendra_b_name=Scolopendra
scolopendra_plus_name=Scolopendra
scolopendra_plus_b_name=Scolopendra
basthet_name=Basthet
basthet_b_name=Basthet
basthet_plus_name=Basthet
basthet_plus_b_name=Basthet
blackscarab_name=Black Scarab
blackscarab_b_name=Black Scarab
blackscarab_plus_name=Black Scarab
blackscarab_plus_b_name=Black Scarab
crystalscarab_name=Crystal Scarab
crystalscarab_b_name=Crystal Scarab
crystalscarab_plus_name=Crystal Scarab
crystalscarab_plus_b_name=Crystal Scarab
eternalcube_name=Eternal Cube
eternalcube_b_name=Eternal Cube
eternalcube_plus_name=Eternal Cube
eternalcube_plus_b_name=Eternal Cube
goldenscarab_name=Golden Scarab
goldenscarab_b_name=Golden Scarab
goldenscarab_plus_name=Golden Scarab
goldenscarab_plus_b_name=Golden Scarab
gyroorb_name=Gyro Orb
gyroorb_b_name=Gyro Orb
gyroorb_plus_name=Gyro Orb
gyroorb_plus_b_name=Gyro Orb
holycube_name=Holy Cube
holycube_b_name=Holy Cube
holycube_plus_name=Holy Cube
holycube_plus_b_name=Holy Cube
jadescarab_name=Jade Scarab
jadescarab_b_name=Jade Scarab
jadescarab_plus_name=Jade Scarab
jadescarab_plus_b_name=Jade Scarab
pylon_name=Pylon
pylon_b_name=Pylon
pylon_plus_name=Pylon
pylon_plus_b_name=Pylon
scourgescarab_name=Scourge Scarab
scourgescarab_b_name=Scourge Scarab
scourgescarab_plus_name=Scourge Scarab
scourgescarab_plus_b_name=Scourge Scarab