alexander_name=Alejandro
alexander_plus_name=Alejandro
alexander_plush_name=Alejandro
angel_name=Ángel
angel_dark_name=Ángel oscuro
angel_plus_name=Ángel
angel_plus_dark_name=Ángel oscuro
angel_plush_name=Ángel
angel_plush_dark_name=Ángel oscuro
archonnihr_name=Arconte Nihr
archonnihr_o_name=Arconte Nihr
archonnihr_plus_name=Arconte Nihr
archonnihr_plus_o_name=Arconte Nihr
archonnihr_plush_name=Arconte Nihr
archonnihr_plush_o_name=Arconte Nihr
ariel_name=Ariel
ariel_b_name=Ariel
ariel_plus_name=Ariel
ariel_plus_b_name=Ariel
ariel_plush_name=Ariel
ariel_plush_b_name=Ariel
astarios_name=Astarios
astarios_b_name=Astarios
astarios_plus_name=Astarios
astarios_plus_b_name=Astarios
astorhus_name=Astorhus
astorhus_b_name=Astorhus
astorhus_plus_name=Astorhus
astorhus_plus_b_name=Astorhus
bacon_name=Bacon
bacon_plus_name=Bacon
bacon_plush_name=Bacon
bandita_name=Bandido
bandita_plus_name=Bandido
banditb_name=Bandido
banditb_plus_name=Bandido
battor_name=Battor
battor_b_name=Battor
battor_plus_name=Battor
battor_plus_b_name=Battor
belphyor_name=Belphyor
belphyor_o_name=Belphyor
belphyor_o_plus_name=Belphyor
belphyor_plus_name=Belphyor
belphyor_plush_name=Belphyor
betty_name=Betty
betty_plus_name=Betty
blacksheep_name=Oveja negra
blacksheep_plus_name=Oveja negra
blazingcornie_name=Maizón al horno
blazingcornie_plus_name=Maizón al horno
bob_name=Bob
bob_plus_name=Bob
bob_plush_name=Bob
bolphyer_name=Bolphyer
bolphyer_plus_name=Bolphyer
bolphyer_plush_name=Bolphyer
bombardier_name=Bombardero
bombardier_b_name=Bombardero
bombardier_plus_name=Bombardero
bombardier_plus_b_name=Bombardero
brigand_name=Bandolero
brigand_plus_name=Bandolero
bruiser_name=Matón
bruiser_b_name=Matón
bruiser_plus_name=Matón
bruiser_plus_b_name=Matón
brute_name=Bruto
brute_b_name=Bruto
brute_plus_name=Bruto
brute_plus_b_name=Bruto
brutus_name=Brutus
brutus_b_name=Brutus
brutus_plus_name=Brutus
brutus_plus_b_name=Brutus
celsius_name=Celsius
celsius_b_name=Celsius
celsius_plus_name=Celsius
celsius_plus_b_name=Celsius
chieftain_name=Cacique
chieftain_b_name=Cacique
chieftain_plus_name=Cacique
chieftain_plus_b_name=Cacique
colin_name=Colin
colin_b_name=Colin
colin_plus_name=Colin
colin_plus_b_name=Colin
cornie_name=Maizón
cornie_plus_name=Maizón
cornierandom_name=Maizón
cornierandom_plus_name=Maizón
curtis_name=Curtis
curtis_plus_name=Curtis
curtis_plush_name=Curtis
cutthroat_name=Degollador
cutthroat_plus_name=Degollador
cutthroatb_name=Degollador
dawn_name=Amanecer
dawn_plus_name=Amanecer
dawn_plush_name=Amanecer
dawn_o_name=Amanecer
dawn_plus_o_name=Amanecer
deifrang_name=Deifrang
deifrang_b_name=Deifrang
deifrang_plus_name=Deifrang
deifrang_plus_b_name=Deifrang
dolly_name=Dolly
dolly_plus_name=Dolly
dolly_plush_name=Dolly
dragonfly_name=Mosquito
dragonfly_b_name=Mosquito
dragonfly_plus_name=Mosquito
dragonfly_plus_b_name=Mosquito
dryad_name=Dríada
dryad_plus_name=Dríada
dryadsummon_name=Dríada
dryadsummon_plus_name=Dríada
dusk_name=Anochecer
dusk_plus_name=Anochecer
dusk_plush_name=Anochecer
dusk_o_name=Anochecer
dusk_plus_o_name=Anochecer
dyona_name=Dyona
dyona_plus_name=Dyona
dyona_plush_name=Dyona
elderdryad_name=Dríada anciana
elderdryad_o_name=Dríada anciana
elderdryad_o_plus_name=Dríada anciana
elderdryad_plus_name=Dríada anciana
elderdryad_plush_name=Dríada anciana
erekhal_name=Erekhal
erekhal_b_name=Erekhal
erekhal_plus_name=Erekhal
erekhal_plus_b_name=Erekhal
esther_name=Esther
esther_plus_name=Esther
esther_plush_name=Esther
estrix_name=Estrix
estrix_b_name=Estrix
estrix_plus_name=Estrix
estrix_plus_b_name=Estrix
evoker_name=Evocador
evoker_a_name=Evocador
evoker_b_name=Evocador
evoker_plus_name=Evocador
evoker_plus_a_name=Evocador
evoker_plus_b_name=Evocador
farmer_name=Granjero
farmer_plus_name=Granjero
fiend_name=Demonio
fiend_b_name=Demonio
fiend_plus_name=Demonio
fiend_plus_b_name=Demonio
firebrander_name=Marcador de fuego
firebrander_a_name=Marcador de fuego
firebrander_b_name=Marcador de fuego
firebrander_plus_name=Marcador de fuego
firebrander_plus_a_name=Marcador de fuego
firebrander_plus_b_name=Marcador de fuego
fireimp_name=Diablillo de fuego
fireimp_plus_name=Diablillo de fuego
fireimpeasy_name=Diablillo de fuego
fireimpeasy_plus_name=Diablillo de fuego
goldensheep_name=Oveja dorada
goldensheep_plus_name=Oveja dorada
golem_name=Gólem
golem_b_name=Gólem
golem_plus_name=Gólem
golem_plus_b_name=Gólem
gonzo_name=Gonzo
gonzo_b_name=Gonzo
gonzo_plus_name=Gonzo
gonzo_plus_b_name=Gonzo
graham_name=Graham
graham_b_name=Graham
graham_plus_name=Graham
graham_plus_b_name=Graham
graham_plush_name=Graham
graham_plush_b_name=Graham
gunner_name=Artillero
gunner_dark_name=Artillero oscuro
gunner_plus_name=Artillero
gunner_plus_dark_name=Artillero oscuro
gunner_plush_name=Artillero
gunner_plush_dark_name=Artillero oscuro
guts_name=Guts
guts_plus_name=Guts
guts_plush_name=Guts
hatchling_name=Cría
hatchling_b_name=Cría
hatchling_plus_name=Cría
hatchling_plus_b_name=Cría
hatchlingeasy_name=Cría
hatchlingeasy_plus_name=Cría
herder_name=Pastor
herder_b_name=Pastor
herder_plus_name=Pastor
herder_plus_b_name=Pastor
hugo_name=Hugo
hugo_b_name=Hugo
hugo_plus_name=Hugo
hugo_plus_b_name=Hugo
hydraarrogance_name=Arrogancia
hydraarrogance_b_name=Arrogancia
hydraarrogance_plus_name=Arrogancia
hydraarrogance_plus_b_name=Arrogancia
hydraarrogance_o_name=Arrogancia
hydraarrogance_plus_o_name=Arrogancia
hydrahatred_name=Odio
hydrahatred_b_name=Odio
hydrahatred_plus_name=Odio
hydrahatred_plus_b_name=Odio
hydrahatred_o_name=Odio
hydrahatred_plus_o_name=Odio
hydramalice_name=Malicia
hydramalice_b_name=Malicia
hydramalice_plus_name=Malicia
hydramalice_plus_b_name=Malicia
hydramalice_o_name=Malicia
hydramalice_plus_o_name=Malicia
hydrascorn_name=Desprecio
hydrascorn_b_name=Desprecio
hydrascorn_plus_name=Desprecio
hydrascorn_plus_b_name=Desprecio
hydrascorn_plush_name=Desprecio
hydrascorn_plush_b_name=Desprecio
hydrascorn_o_name=Desprecio
hydrascorn_plus_o_name=Desprecio
hypnocrab_name=Hipnocangrejo
hypnocrab_b_name=Hipnocangrejo
hypnocrab_plus_name=Hipnocangrejo
hypnocrab_plus_b_name=Hipnocangrejo
ignidoh_name=Ignidoh
ignidoh_b_name=Ignidoh
ignidoh_o_name=Ignidoh
ignidoh_o_plus_name=Ignidoh
ignidoh_plus_name=Ignidoh
ignidoh_plus_b_name=Ignidoh
ignidoh_plush_name=Ignidoh
ignidoh_plush_b_name=Ignidoh
impaltar_name=Altar de diablillo
impaltar_plus_name=Altar de diablillo
initiated_name=Iniciado
initiated_plus_name=Iniciado
jasper_name=Jasper
jasper_plus_name=Jasper
jasper_plush_name=Jasper
josh_name=Josh
josh_b_name=Josh
josh_plus_name=Josh
josh_plus_b_name=Josh
julius_name=Julius
julius_plus_name=Julius
julius_plush_name=Julius
khane_name=Khane
khane_b_name=Khane
khane_plus_name=Khane
khane_plus_b_name=Khane
knight_name=Caballero
knight_dark_name=Caballero oscuro
knight_plus_name=Caballero
knight_plus_dark_name=Caballero oscuro
knight_plush_name=Caballero
knight_plush_dark_name=Caballero oscuro
kyno_name=Kyno
kyno_plus_name=Kyno
kyno_plush_name=Kyno
lana_name=Lana
lana_b_name=Lana
lana_plus_name=Lana
lana_plus_b_name=Lana
lancelot_name=Lancelot
lancelot_b_name=Lancelot
lancelot_plus_name=Lancelot
lancelot_plus_b_name=Lancelot
lancelot_plush_name=Lancelot
lancelot_plush_b_name=Lancelot
lancer_name=Lancero
lancer_dark_name=Lancero oscuro
lancer_plus_name=Lancero
lancer_plus_dark_name=Lancero oscuro
lancer_plush_name=Lancero
lancer_plush_dark_name=Lancero oscuro
lavaelemental_name=Elemental de lava
lavaelemental_b_name=Elemental de lava
lavaelemental_plus_name=Elemental de lava
lavaelemental_plus_b_name=Elemental de lava
livingrock_name=Roca viviente
livingrock_plus_name=Roca viviente
localwerewolfa_name=Hombre lobo local
localwerewolfa_plus_name=Hombre lobo local
localwerewolfb_name=Hombre lobo local
localwerewolfb_plus_name=Hombre lobo local
lordhanshek_name=Lord Hanshek
lordhanshek_plus_name=Lord Hanshek
lordhanshek_plush_name=Lord Hanshek
magmaspike_name=Púa de magma
magmaspike_b_name=Púa de magma
magmaspike_plus_name=Púa de magma
magmaspike_plus_b_name=Púa de magma
marauder_name=Maleante
marauder_b_name=Maleante
marauder_plus_name=Maleante
marauder_plus_b_name=Maleante
martina_name=Martina
martina_plus_name=Martina
martina_plush_name=Martina
matriarch_name=Matriarca
matriarch_b_name=Matriarca
matriarch_o_name=Matriarca
matriarch_o_plus_name=Matriarca
matriarch_plus_name=Matriarca
matriarch_plus_b_name=Matriarca
minotaur_name=Minotauro
minotaur_b_name=Minotauro
minotaur_o_name=Minotauro
minotaur_o_plus_name=Minotauro
minotaur_plus_name=Minotauro
minotaur_plus_b_name=Minotauro
monk_name=Monje
monk_dark_name=Monje oscuro
monk_plus_name=Monje
monk_plus_dark_name=Monje oscuro
monk_plush_name=Monje
monk_plush_dark_name=Monje oscuro
mugur_name=Mugur
mugur_b_name=Mugur
mugur_plus_name=Mugur
mugur_plus_b_name=Mugur
mutant_name=Mutante
mutant_b_name=Mutante
mutant_plus_name=Mutante
mutant_plus_b_name=Mutante
mystic_name=Místico
mystic_b_name=Místico
mystic_plus_name=Místico
mystic_plus_b_name=Místico
mysticsauron_name=Sauron
mysticsauron_b_name=Sauron
mysticsauron_plus_name=Sauron
mysticsauron_plus_b_name=Sauron
neophyte_name=Neófito
neophyte_plus_name=Neófito
neptu_name=Neptu
neptu_plus_name=Neptu
neptu_plush_name=Neptu
obsidianelemental_name=Elemental de obsidiana
obsidianelemental_b_name=Elemental de obsidiana
obsidianelemental_plus_name=Elemental de obsidiana
obsidianelemental_plus_b_name=Elemental de obsidiana
oddball_name=Bicho raro
oddball_plus_name=Bicho raro
oddball_plush_name=Bicho raro
parasite_name=Parásito
parasite_a_name=Parásito
parasite_b_name=Parásito
parasite_plus_name=Parásito
parasite_plus_a_name=Parásito
parasite_plus_b_name=Parásito
pendulum_name=Péndulo
pendulum_b_name=Péndulo
pendulum_plus_name=Péndulo
pendulum_plus_b_name=Péndulo
penduluma_name=Péndulo
penduluma_b_name=Péndulo
penduluma_plus_name=Péndulo
penduluma_plus_b_name=Péndulo
poncho_name=Poncho
poncho_plus_name=Poncho
poncho_plush_name=Poncho
ponko_name=Ponko
ponko_b_name=Ponko
ponko_plus_name=Ponko
ponko_plus_b_name=Ponko
psychic_name=Psíquico
psychic_plus_name=Psíquico
psychic_plush_name=Psíquico
pumba_name=Pumba
pumba_plus_name=Pumba
pumba_plush_name=Pumba
pyromancer_name=Piromante
pyromancer_b_name=Piromante
pyromancer_plus_name=Piromante
pyromancer_plus_b_name=Piromante
pyromancersen_name=Piromante
pyromancersen_plus_name=Piromante
raider_name=Asaltante
raider_b_name=Asaltante
raider_plus_name=Asaltante
raider_plus_b_name=Asaltante
raidereasy_name=Asaltante
raidereasy_plus_name=Asaltante
ravager_name=Devastador
ravager_b_name=Devastador
ravager_plus_name=Devastador
ravager_plus_b_name=Devastador
rhanga_name=Rhanga
rhanga_plus_name=Rhanga
rhogor_name=Rhodogor
rhogor_b_name=Rhodogor
rhogor_plus_name=Rhodogor
rhogor_plus_b_name=Rhodogor
rocco_name=Rocco
rocco_plus_name=Rocco
rocco_plush_name=Rocco
rondo_name=Rondo
rondo_b_name=Rondo
rondo_plus_name=Rondo
rondo_plus_b_name=Rondo
rusty_name=Rusty
rusty_b_name=Rusty
rusty_plus_name=Rusty
rusty_plus_b_name=Rusty
sapling_name=Retoño
sapling_plus_name=Retoño
saul_name=Saul
saul_b_name=Saul
saul_plus_name=Saul
saul_plus_b_name=Saul
sawtooth_name=Diente de sierra
sawtooth_b_name=Diente de sierra
sawtooth_plus_name=Diente de sierra
sawtooth_plus_b_name=Diente de sierra
sawtoothirwin_name=Irwin
sawtoothirwin_b_name=Irwin
sawtoothirwin_plus_name=Irwin
sawtoothirwin_plus_b_name=Irwin
shadowclone_name=Clon de sombra
shadowclone_plus_name=Clon de sombra
shadowclone_plusb_name=Clon de sombra
shadowclone_plusbm_name=Clon de sombra
shadowclone_plusbmh_name=Clon de sombra
shadowclone_plush_name=Clon de sombra
shaman_name=Chamán
shaman_plus_name=Chamán
sharon_name=Sharon
sharon_plus_name=Sharon
sharon_plush_name=Sharon
sharpshooter_name=Tirador de primera
sharpshooter_plus_name=Tirador de primera
sheep_name=Oveja
sheep_plus_name=Oveja
sheeprandom_name=Oveja
sheeprandom_plus_name=Oveja
sheepshearer_name=Esquilador de ovejas
sheepshearer_plus_name=Esquilador de ovejas
shredder_name=Triturador
shredder_b_name=Triturador
shredder_plus_name=Triturador
shredder_plus_b_name=Triturador
siren_name=Sirena
siren_b_name=Sirena
siren_plus_name=Sirena
siren_plus_b_name=Sirena
siren_plush_name=Sirena
siren_plush_b_name=Sirena
skirmisher_name=Escaramuzador
skirmisher_b_name=Escaramuzador
skirmisher_plus_name=Escaramuzador
skirmisher_plus_b_name=Escaramuzador
skyhunter_name=Cazador del cielo
skyhunter_b_name=Cazador del cielo
skyhunter_plus_name=Cazador del cielo
skyhunter_plus_b_name=Cazador del cielo
skyhuntereasy_name=Cazador del cielo
skyhuntereasy_plus_name=Cazador del cielo
slime_name=Babosa
slime_b_name=Babosa
slime_plus_name=Babosa
slime_plus_b_name=Babosa
slimeeasy_name=Babosa
slimeeasy_plus_name=Babosa
slimesen_name=Rumuri
slimesen_plus_name=Rumuri
spellbinder_name=Hechicero
spellbinder_b_name=Hechicero
spellbinder_plus_name=Hechicero
spellbinder_plus_b_name=Hechicero
spider_name=Araña
spider_b_name=Araña
spider_plus_name=Araña
spider_plus_b_name=Araña
stalker_name=Acosador
stalker_b_name=Acosador
stalker_plus_name=Acosador
stalker_plus_b_name=Acosador
stephen_name=Stephen
stephen_plus_name=Stephen
stephen_plush_name=Stephen
stoneelemental_name=Elemental de piedra
stoneelemental_b_name=Elemental de piedra
stoneelemental_plus_name=Elemental de piedra
stoneelemental_plus_b_name=Elemental de piedra
stormbringer_name=Portatormentas
stormbringer_b_name=Portatormentas
stormbringer_plus_name=Portatormentas
stormbringer_plus_b_name=Portatormentas
stormcaller_name=Invocatormentas
stormcaller_b_name=Invocatormentas
stormcaller_plus_name=Invocatormentas
stormcaller_plus_b_name=Invocatormentas
swampelemental_name=Elemental del pantano
swampelemental_b_name=Elemental del pantano
swampelemental_plus_name=Elemental del pantano
swampelemental_plus_b_name=Elemental del pantano
swamphorror_name=Horror del pantano
swamphorror_b_name=Horror del pantano
swamphorror_plus_name=Horror del pantano
swamphorror_plus_b_name=Horror del pantano
tainteddryad_name=Dríada corrupta
tainteddryad_plus_name=Dríada corrupta
taintedsapling_name=Retoño corrupto
taintedsapling_plus_name=Retoño corrupto
taintedtrunky_name=Tronqui corrupto
taintedtrunky_plus_name=Tronqui corrupto
tayra_name=Tayra
tayra_plus_name=Tayra
tayra_plush_name=Tayra
toasty_name=Toasty
toasty_plus_name=Toasty
toasty_plush_name=Toasty
treevor_name=Treevor
treevor_plus_name=Treevor
treevor_plush_name=Treevor
trunky_name=Tronqui
trunky_plus_name=Tronqui
tulah_name=Tulah
tulah_b_name=Tulah
tulah_o_name=Tulah
tulah_o_plus_name=Tulah
tulah_plus_name=Tulah
tulah_plus_b_name=Tulah
vanguard_name=Vanguardia
vanguard_dark_name=Vanguardia oscura
vanguard_plus_name=Vanguardia
vanguard_plus_dark_name=Vanguardia oscura
vanguard_plush_name=Vanguardia
vanguard_plush_dark_name=Vanguardia oscura
volatileimp_name=Diablillo volátil
volatileimp_a_name=Diablillo volátil
volatileimp_n_name=Diablillo volátil
volatileimp_plus_name=Diablillo volátil
volatileimp_plus_a_name=Diablillo volátil
volatileimp_plus_b_name=Diablillo volátil
vulcan_name=Vulcano
vulcan_plus_name=Vulcano
vulcan_plush_name=Vulcano
warboara_name=Jabalí de guerra
warboara_plus_name=Jabalí de guerra
warboarb_name=Jabalí de guerra
warboarb_plus_name=Jabalí de guerra
warden_name=Guardián
warden_b_name=Guardián
warden_plus_name=Guardián
warden_plus_b_name=Guardián
werewolfmerchant_name=Hombre lobo mercader
werewolfmerchant_plus_name=Hombre lobo mercader
wick_name=Wick
wickb_name=Wick
wildboara_name=Jabalí salvaje
wildboara_plus_name=Jabalí salvaje
wildboararandom_name=Jabalí salvaje
wildboararandom_plus_name=Jabalí salvaje
wildboarb_name=Jabalí salvaje
wildboarb_plus_name=Jabalí salvaje
ylmer_name=Ylmer
ylmer_o_name=Ylmer
ylmer_o_plus_name=Ylmer
ylmer_plus_name=Ylmer
ylmer_plush_name=Ylmer
yogger_name=Yogger
yogger_o_name=Yogger
yogger_o_plus_name=Yogger
yogger_plus_name=Yogger
yogger_plush_name=Yogger
archer_name=Arquero
archer_b_name=Arquero
archer_plus_name=Arquero
archer_plus_b_name=Arquero
dracomancer_name=Dracomante
dracomancer_b_name=Dracomante
dracomancer_plus_name=Dracomante
dracomancer_plus_b_name=Dracomante
dracomancer_plush_name=Dracomante
dracomancer_plush_b_name=Dracomante
draconoid_name=Draconoide
draconoid_b_name=Draconoide
draconoid_plus_name=Draconoide
draconoid_plus_b_name=Draconoide
druid_name=Druida
druid_b_name=Druida
druid_plus_name=Druida
druid_plus_b_name=Druida
faeborg_name=Faeborg
faeborg_b_name=Faeborg
faeborg_plus_name=Faeborg
faeborg_plus_b_name=Faeborg
faeborg_plush_name=Faeborg
faeborg_plush_b_name=Faeborg
faeborg_o_name=Faeborg
faeborg_plus_o_name=Faeborg
fisher_name=Pescador
fisher_b_name=Pescador
fisher_plus_name=Pescador
fisher_plus_b_name=Pescador
forecaster_name=Vaticinador
forecaster_b_name=Vaticinador
forecaster_plus_name=Vaticinador
forecaster_plus_b_name=Vaticinador
fred_name=Fred
fred_b_name=Fred
fred_plus_name=Fred
fred_plus_b_name=Fred
fred_plush_name=Fred
fred_plush_b_name=Fred
freezer_name=Congelador
freezer_plus_name=Congelador
freezer_plush_name=Congelador
graendor_name=Graendor
graendor_b_name=Graendor
graendor_o_name=Graendor
graendor_o_plus_name=Graendor
graendor_plus_name=Graendor
graendor_plus_b_name=Graendor
hydrahead_name=Cabeza de hidra
hydrahead_b_name=Cabeza de hidra
lumberjack_name=Leñador
lumberjack_b_name=Leñador
lumberjack_plus_name=Leñador
lumberjack_plus_b_name=Leñador
monty_name=Monty
monty_b_name=Monty
monty_plus_name=Monty
monty_plus_b_name=Monty
phil_name=Phil
phil_b_name=Phil
phil_plus_name=Phil
phil_plus_b_name=Phil
phil_plush_name=Phil
phil_plush_b_name=Phil
rabbit_name=Conejo
rabbit_b_name=Conejo
rabbit_plus_name=Conejo
rabbit_plus_b_name=Conejo
royalguard_name=Guardia real
royalguard_b_name=Guardia real
royalguard_plus_name=Guardia real
royalguard_plus_b_name=Guardia real
scrapper_name=Camorrista
scrapper_b_name=Camorrista
scrapper_plus_name=Camorrista
scrapper_plus_b_name=Camorrista
sentinel_name=Centinela
sentinel_b_name=Centinela
sentinel_plus_name=Centinela
sentinel_plus_b_name=Centinela
squirel_name=Ardilla
squirel_b_name=Ardilla
squirel_plus_name=Ardilla
squirel_plus_b_name=Ardilla
squireleasy_name=Ardilla
squireleasy_plus_name=Ardilla
swordman_name=Espadachín
swordman_b_name=Espadachín
swordman_plus_name=Espadachín
swordman_plus_b_name=Espadachín
ursur_name=Ursur
ursur_b_name=Ursur
ursur_o_name=Ursur
ursur_o_plus_name=Ursur
ursur_plus_name=Ursur
ursur_plus_b_name=Ursur
ursur_plush_name=Ursur
ursur_plush_b_name=Ursur
dualist_name=Dualista
dualist_plus_name=Dualista
dualist_plush_name=Dualista
magus_name=Magus
magus_plus_name=Magus
magus_plush_name=Magus
magus_dark_name=Magus Oscuro
magus_plus_dark_name=Magus Oscuro
magus_plush_dark_name=Magus Oscuro
/////////////////////////////
advisor_name=Asesor
advisor_b_name=rptd_advisor_name
advisor_plus_name=rptd_advisor_name
advisor_plus_b_name=rptd_advisor_name
cannoneer_name=Cañonero
cannoneer_b_name=rptd_cannoneer_name
cannoneer_plus_name=rptd_cannoneer_name
cannoneer_plus_b_name=rptd_cannoneer_name
crucible_name=Crisol
crucible_b_name=rptd_crucible_name
crucible_plus_name=rptd_crucible_name
crucible_plus_b_name=rptd_crucible_name
driller_name=Taladro
driller_b_name=rptd_driller_name
driller_plus_name=rptd_driller_name
driller_plus_b_name=rptd_driller_name
ratone_name=Ratone
ratone_b_name=rptd_ratone_name
ratone_plus_name=rptd_ratone_name
ratone_plus_b_name=rptd_ratone_name
ratone_o_name=rptd_ratone_name
ratone_o_plus_name=rptd_ratone_name
ruffian_name=Rufián
ruffian_b_name=rptd_ruffian_name
ruffian_plus_name=rptd_ruffian_name
ruffian_plus_b_name=rptd_ruffian_name
thug_name=Matón
thug_b_name=rptd_thug_name
thug_plus_name=rptd_thug_name
thug_plus_b_name=rptd_thug_name
dt800_name=DT-800
dt800_b_name=rptd_dt800_name
dt800_o_name=rptd_dt800_name
dt800_plus_name=rptd_dt800_name
dt800_plus_b_name=rptd_dt800_name
dt800_plus_o_name=rptd_dt800_name
dwarfface_name=Cara Enana
dwarfface_b_name=rptd_dwarfface_name
dwarfface_o_name=rptd_dwarfface_name
dwarfface_plus_name=rptd_dwarfface_name
dwarfface_plus_b_name=rptd_dwarfface_name
dwarfface_plus_o_name=rptd_dwarfface_name
flamethrower_name=Lanzallamas
flamethrower_b_name=rptd_flamethrower_name
flamethrower_o_name=rptd_flamethrower_name
flamethrower_plus_name=rptd_flamethrower_name
flamethrower_plus_b_name=rptd_flamethrower_name
flamethrower_plus_o_name=rptd_flamethrower_name
launcher_name=Lanzacohetes
launcher_b_name=rptd_launcher_name
launcher_o_name=rptd_launcher_name
launcher_plus_name=rptd_launcher_name
launcher_plus_b_name=rptd_launcher_name
launcher_plus_o_name=rptd_launcher_name
andrin_name=Andrin
balina_name=Balina
dryad_h_name=rptd_dryad_name
frostfang_name=Colmillo Helado
frostfang_o_name=rptd_frostfang_name
frostfang_o_plus_name=rptd_frostfang_name
gorio_name=Gorio
gorio_o_name=rptd_gorio_name
gorio_o_plus_name=rptd_gorio_name
houndmaster_name=Maestro de Canes
houndmaster_o_name=rptd_houndmaster_name
houndmaster_o_plus_name=rptd_houndmaster_name
savage_name=Salvage
savage_o_name=rptd_savage_name
savage_o_plus_name=rptd_savage_name
thief_name=Ladrón
treant_name=Treant
wolf_name=Lobo
wolf_o_name=rptd_wolf_name
wolf_o_plus_name=rptd_wolf_name
/////////////////////////////// New Ulminin DLC //////////////
bladebeetle_name=Escarabajo de cuchillas
bladebeetle_b_name=Escarabajo de cuchillas
bladebeetle_plus_name=Escarabajo de cuchillas
bladebeetle_plus_b_name=Escarabajo de cuchillas
bonearcher_name=Arquero de hueso
bonearcher_b_name=Arquero de hueso
bonearcher_plus_name=Arquero de hueso
bonearcher_plus_b_name=Arquero de hueso
bonefighter_name=Luchador de hueso
bonefightera_b_name=Luchador de hueso
bonefightera_plus_name=Luchador de hueso
bonefightera_plus_b_name=Luchador de hueso
bonemage_name=Mago de hueso
bonemageally_name=Mago de hueso
bonemage_b_name=Mago de hueso
bonemage_plus_name=Mago de hueso
bonemage_plus_b_name=Mago de hueso
bonepriest_name=Sacerdote de hueso
bonepriestally_name=Sacerdote de hueso
bonepriest_b_name=Sacerdote de hueso
bonepriest_plus_name=Sacerdote de hueso
bonepriest_plus_b_name=Sacerdote de hueso
bonewarlock_name=Brujo de hueso
bonewarlockally_name=Brujo de hueso
bonewarlock_b_name=Brujo de hueso
bonewarlock_plus_name=Brujo de hueso
bonewarlock_plus_b_name=Brujo de hueso
bonewarrior_name=Guerrero de hueso
bonewarrior_b_name=Guerrero de hueso
bonewarrior_plus_name=Guerrero de hueso
bonewarrior_plus_b_name=Guerrero de hueso
dungbeetle_name=Escarabajo pelotero
dungbeetle_b_name=Escarabajo pelotero
dungbeetle_plus_name=Escarabajo pelotero
dungbeetle_plus_b_name=Escarabajo pelotero
enforcer_name=Esbirro
enforcer_b_name=Esbirro
enforcer_plus_name=Esbirro
enforcer_plus_b_name=Esbirro
explorer_name=Explorador
explorer_b_name=Explorador
explorer_plus_name=Explorador
explorer_plus_b_name=Explorador
fennec_a_name=Fénec
fennec_a_b_name=Fénec
fennec_b_name=Fénec
fennec_b_b_name=Fénec
fennec_c_name=Fénec
fennec_c_b_name=Fénec
fennec_a_plus_name=Fénec
fennec_a_plus_b_name=Fénec
fennec_b_plus_name=Fénec
fennec_b_plus_b_name=Fénec
fennec_c_plus_name=Fénec
fennec_c_plus_b_name=Fénec
halberdier_name=Alabardero
halberdier_b_name=Alabardero
halberdier_plus_name=Alabardero
halberdier_plus_b_name=Alabardero
harbinger_name=Heraldo
harbinger_b_name=Heraldo
harbinger_plus_name=Heraldo
harbinger_plus_b_name=Heraldo
heretic_name=Hereje
heretic_b_name=Hereje
heretic_plus_name=Hereje
heretic_plus_b_name=Hereje
jim_name=Jim
jim_b_name=Jim
jim_plus_name=Jim
jim_plus_b_name=Jim
mortis_name=Mortis
mortis_b_name=Mortis
mortis_o_name=Mortis
mortis_o_plus_name=Mortis
mortis_plus_name=Mortis
mortis_plus_b_name=Mortis
mortis_plush_name=Mortis
mortis_plush_b_name=Mortis
nomad_name=Nómada
nomad_b_name=Nómada
nomad_plus_name=Nómada
nomad_plus_b_name=Nómada
pagan_plus_name=Pagano
pagan_plus_b_name=Pagano
pagan_name=Pagano
pagan_b_name=Pagano
priestess_name=Sacerdotisa
priestess_b_name=Sacerdotisa
priestess_plus_name=Sacerdotisa
priestess_plus_b_name=Sacerdotisa
reaper_name=Parca
reaper_b_name=Parca
reaper_plus_name=Parca
reaper_plus_b_name=Parca
rogue_name=Pícaro
rogue_b_name=Pícaro
rogue_plus_name=Pícaro
rogue_plus_b_name=Pícaro
sandworm_name=Gusano de arena
sandworm_b_name=Gusano de arena
sandworm_plus_name=Gusano de arena
sandworm_plus_b_name=Gusano de arena
scolopendra_name=Escolopendra
scolopendra_b_name=Escolopendra
scolopendra_plus_name=Escolopendra
scolopendra_plus_b_name=Escolopendra
basthet_name=Basthet
basthet_b_name=Basthet
basthet_plus_name=Basthet
basthet_plus_b_name=Basthet
blackscarab_name=Escarabajo negro
blackscarab_b_name=Escarabajo negro
blackscarab_plus_name=Escarabajo negro
blackscarab_plus_b_name=Escarabajo negro
crystalscarab_name=Escarabajo de cristal
crystalscarab_b_name=Escarabajo de cristal
crystalscarab_plus_name=Escarabajo de cristal
crystalscarab_plus_b_name=Escarabajo de cristal
eternalcube_name=Cubo eterno
eternalcube_b_name=Cubo eterno
eternalcube_plus_name=Cubo eterno
eternalcube_plus_b_name=Cubo eterno
goldenscarab_name=Escarabajo de oro
goldenscarab_b_name=Escarabajo de oro
goldenscarab_plus_name=Escarabajo de oro
goldenscarab_plus_b_name=Escarabajo de oro
gyroorb_name=Orbe giroscópico
gyroorb_b_name=Orbe giroscópico
gyroorb_plus_name=Orbe giroscópico
gyroorb_plus_b_name=Orbe giroscópico
holycube_name=Cubo sagrado
holycube_b_name=Cubo sagrado
holycube_plus_name=Cubo sagrado
holycube_plus_b_name=Cubo sagrado
jadescarab_name=Escarabajo de jade
jadescarab_b_name=Escarabajo de jade
jadescarab_plus_name=Escarabajo de jade
jadescarab_plus_b_name=Escarabajo de jade
pylon_name=Pilón
pylon_b_name=Pilón
pylon_plus_name=Pilón
pylon_plus_b_name=Pilón
scourgescarab_name=Escarabajo del flagelo
scourgescarab_b_name=Escarabajo del flagelo
scourgescarab_plus_name=Escarabajo del flagelo
scourgescarab_plus_b_name=Escarabajo del flagelo